trial_id,original_accuracy,mean_accuracy,std_accuracy,all_seed_accuracies,learning_rate,warmup_ratio,rank,alpha,dropout,target_modules
9,0.8965,0.9038333333333334,0.0025927248643506503,"[0.9075, 0.902, 0.902]",0.0004285692149531543,0.06,4,64,0.1,"['q_lin', 'v_lin', 'ffn.lin1', 'ffn.lin2']"
4,0.877,0.8685,0.004020779360604961,"[0.87, 0.863, 0.8725]",0.00021175713890473515,0.06,2,32,0.1,"['q_lin', 'v_lin', 'ffn.lin1', 'ffn.lin2']"
3,0.8665,0.8681666666666668,0.004129837231121281,"[0.8655, 0.865, 0.874]",0.0002624101420363496,0.1,2,16,0.2,"['q_lin', 'v_lin', 'ffn.lin1', 'ffn.lin2']"
14,0.8665,0.8728333333333333,0.004027681991198142,"[0.8695, 0.8705, 0.8785]",0.0004940021851700813,0.0,4,32,0.0,"['q_lin', 'v_lin']"
12,0.851,0.8498333333333333,0.002867441755680878,"[0.8465, 0.8535, 0.8495]",0.0002309611737990495,0.1,16,96,0.1,"['q_lin', 'v_lin']"
