trial_id,original_accuracy,mean_accuracy,std_accuracy,all_seed_accuracies,learning_rate,warmup_ratio,rank,alpha,dropout,target_modules
9,0.878,0.8766666666666666,0.003009245014211258,"[0.878, 0.8725, 0.8795]",0.00017258212291131175,0.06,4,64,0.1,"['q_lin', 'v_lin', 'ffn.lin1', 'ffn.lin2']"
14,0.8055,0.797,0.0028577380332470695,"[0.801, 0.7945, 0.7955]",0.00019769780844912214,0.0,4,32,0.0,"['q_lin', 'v_lin']"
10,0.7825,0.7768333333333333,0.002867441755680878,"[0.7735, 0.7805, 0.7765]",0.00016931316618188998,0.1,4,16,0.05,"['q_lin', 'v_lin']"
12,0.774,0.7679999999999999,0.0014719601443879506,"[0.7695, 0.7685, 0.766]",9.673257176125132e-05,0.1,16,96,0.1,"['q_lin', 'v_lin']"
3,0.771,0.7733333333333333,0.004326918328582418,"[0.7725, 0.779, 0.7685]",0.00010880389290284127,0.1,2,16,0.2,"['q_lin', 'v_lin', 'ffn.lin1', 'ffn.lin2']"
